low.lemma	freq
kostenlos	2764005
arbeitslos	615749
harmlos	538166
problemlos	508635
erfolglos	481503
parteilos	474612
reibungslos	424699
zweifellos	342769
chancenlos	317436
hilflos	294019
endlos	280947
gnadenlos	262615
sinnlos	244049
sieglos	224458
ratlos	219693
zahllos	210233
mühelos	207343
restlos	195554
torlos	191322
nahtlos	186221
beispiellos	175366
grenzenlos	172497
spurlos	162817
fassungslos	162726
kampflos	162606
machtlos	156429
hoffnungslos	154680
aussichtslos	151091
ausnahmslos	142026
zeitlos	140657
fristlos	137368
makellos	136648
rücksichtslos	132717
bedingungslos	132196
bewusstlos	129375
lückenlos	123943
tadellos	121553
kompromisslos	120934
obdachlos	113886
schonungslos	113640
leblos	110170
ergebnislos	106464
sprachlos	105213
glücklos	102234
skrupellos	93089
trostlos	90358
ahnungslos	86661
maßlos	85330
tatenlos	84107
pausenlos	83487
verantwortungslos	81625
kinderlos	78740
schlaflos	76367
hemmungslos	75879
nutzlos	74451
ersatzlos	73542
gefahrlos	72478
wirkungslos	72181
namenlos	71347
sorglos	70479
grundlos	69695
respektlos	66444
wertlos	64550
lautlos	64029
wahllos	63846
schamlos	62872
schadlos	61893
zwanglos	61816
herrenlos	61472
wehrlos	61388
bedeutungslos	59744
wortlos	58071
achtlos	55922
atemlos	54430
schnörkellos	53018
heillos	52741
drahtlos	52223
geschmacklos	51958
lustlos	50743
klanglos	50556
alternativlos	49638
geräuschlos	48433
regungslos	47402
orientierungslos	47181
mittellos	46294
haltlos	46001
erbarmungslos	45739
fraglos	45646
rastlos	45274
belanglos	44122
folgenlos	44003
farblos	43431
bedenkenlos	42360
vorbehaltlos	41135
konkurrenzlos	39575
bargeldlos	38259
emotionslos	38057
arglos	37885
schmucklos	37347
selbstlos	36772
furchtlos	36574
gehörlos	35585
planlos	35270
widerstandslos	34782
zahnlos	34617
schutzlos	34386
ideenlos	33961
schwerelos	33164
glanzlos	33086
fraktionslos	32583
zinslos	31894
ziellos	31289
kraftlos	31238
heimatlos	30854
ausweglos	30389
formlos	29675
klaglos	29425
gedankenlos	29111
mutlos	28977
kopflos	28808
zwecklos	28641
wolkenlos	27786
vereinslos	27099
einfallslos	26238
fehlerlos	25283
neidlos	25091
lieblos	25050
kommentarlos	24943
verständnislos	24582
stufenlos	24186
kabellos	24135
wohnungslos	23919
reglos	23529
schuldlos	23240
bodenlos	23124
fensterlos	23121
anspruchslos	22965
langzeitarbeitslos	22549
herzlos	22486
gesichtslos	21904
erwerbslos	21219
schmerzlos	20668
humorlos	20545
risikolos	20312
rückhaltlos	20290
gegenstandslos	19776
punktlos	19392
fleischlos	18689
gewaltlos	18484
diskussionslos	18405
anstandslos	18265
beschäftigungslos	17772
seelenlos	17723
teilnahmslos	17278
gewissenlos	16340
ruhelos	15737
führerlos	15707
freudlos	15500
kritiklos	15474
führungslos	15409
papierlos	15003
fruchtlos	14983
zügellos	14483
uferlos	14445
kontaktlos	14022
wunschlos	13758
widerspruchslos	12902
punktelos	12834
gottlos	12741
bewegungslos	12524
willenlos	12496
fahrerlos	12464
brotlos	12177
staatenlos	12018
leidenschaftslos	11981
pietätlos	11973
straflos	11679
vertragslos	11220
konzeptlos	10870
körperlos	10781
gefühllos	10774
rechtlos	10658
ereignislos	10646
würdelos	10539
schrankenlos	10532
niveaulos	10508
schnurlos	10278
ärmellos	10216
bruchlos	9483
titellos	9447
übergangslos	9348
geruchlos	9306
hirnlos	9163
umstandslos	8551
konfessionslos	8529
randlos	8281
perspektivlos	8105
substanzlos	8085
tonlos	8073
ausdruckslos	7990
stillos	7982
fantasielos	7961
berührungslos	7892
illusionslos	7861
antriebslos	7647
ruchlos	7480
alterslos	7427
medaillenlos	7336
charakterlos	7307
elternlos	7287
ansatzlos	7243
besinnungslos	6839
sachgrundlos	6672
hüllenlos	6454
anlasslos	6406
wohnsitzlos	6205
komplikationslos	6065
taktlos	6040
klassenlos	6025
entschädigungslos	5961
gesetzlos	5913
rücksichtlos	5885
nachrichtenlos	5859
unterschiedslos	5835
vaterlos	5820
tabulos	5717
zusammenhanglos	5598
funktionslos	5473
stromlos	5449
mitleidlos	5427
konturlos	5391
abflusslos	5384
rettungslos	5376
schlüssellos	5339
baumlos	5296
treulos	5294
konzeptionslos	5248
grußlos	5144
profillos	5130
geistlos	5102
wirbellos	4888
phantasielos	4825
instinktlos	4755
oppositionslos	4591
inhaltslos	4548
richtungslos	4513
drucklos	4374
rahmenlos	4331
fugenlos	4257
geschichtslos	4205
absichtslos	4124
stimmrechtslos	4070
disziplinlos	3855
vaterlandslos	3790
waffenlos	3738
distanzlos	3733
betäubungslos	3575
spannungslos	3541
haarlos	3449
vorurteilslos	3398
kulturlos	3374
landlos	3229
lichtlos	3206
geschlechtslos	3138
ehrlos	3114
reizlos	3004
witzlos	3004
verlustpunktlos	2884
führerscheinlos	2874
rückstandslos	2852
ruhmlos	2802
mutterlos	2796
beziehungslos	2680
schneelos	2666
wasserlos	2620
kernlos	2476
voraussetzungslos	2467
aussichtlos	2461
ortlos	2357
hornlos	2350
anstrengungslos	2346
einflusslos	2308
schwellenlos	2289
nebulos	2288
mundlos	2273
traumlos	2256
ambitionslos	2229
ehelos	2222
sorgenlos	2137
filterlos	2110
kunstlos	2101
blattlos	2092
bartlos	2051
schattenlos	2051
regellos	2043
fußballlos	2042
motorlos	2013
faltenlos	1909
stimmlos	1907
stellenlos	1905
prinzipienlos	1817
flügellos	1798
rückgratlos	1795
saftlos	1775
schlackenlos	1774
grabenlos	1770
geruchslos	1755
berufslos	1727
leistungslos	1700
visionslos	1675
besitzlos	1673
wurzellos	1665
trainerlos	1655
mondlos	1632
tariflos	1614
trägerlos	1599
mitleidslos	1561
spiegellos	1500
reuelos	1494
vorbehaltslos	1464
zinsenlos	1454
energielos	1442
interesselos	1442
präzedenzlos	1419
vermögenslos	1418
autolos	1375
grifflos	1371
symptomlos	1367
strukturlos	1331
gefahrenlos	1319
geheimnislos	1314
arbeitlos	1313
zusammenhangslos	1310
frauenlos	1294
weglos	1264
fleckenlos	1262
konturenlos	1261
bindungslos	1208
steuerlos	1197
kragenlos	1191
haushaltslos	1174
sanktionslos	1165
talentlos	1160
pfluglos	1157
fahrscheinlos	1134
bewußtlos	1120
vegetationslos	1117
beinlos	1113
gestaltlos	1105
empathielos	1073
textlos	1019
joblos	1002
auswegslos	997
kantenlos	991
reaktionslos	980
dividendenlos	925
blicklos	924
nennwertlos	909
beutellos	901
getriebelos	873
religionslos	869
sittenlos	867
dachlos	859
konfliktlos	856
schwunglos	852
schriftlos	848
identitätslos	840
pfarrerlos	838
zukunftslos	837
masselos	835
verdachtslos	828
widerstandlos	828
beleglos	825
inhaltlos	815
gegentorlos	809
friedlos	797
budgetlos	792
emissionslos	791
stimmungslos	775
bilderlos	773
laublos	768
temperamentlos	756
ventillos	754
reiterlos	741
geldlos	740
impulslos	740
brieflos	728
armlos	726
augenlos	721
motivationslos	716
radlos	711
fassunglos	707
salzlos	705
unterstandslos	703
appetitlos	700
erfolgslos	692
stellungslos	671
angstlos	669
spurenlos	667
kompromißlos	666
schwanzlos	666
rauchlos	662
krawattenlos	658
fingerlos	655
männerlos	648
stachellos	648
ertraglos	647
blutlos	641
lizenzlos	637
reimlos	625
gehaltlos	622
regenlos	612
bedürfnislos	611
federlos	608
meinungslos	603
tränenlos	599
beispielslos	594
traditionslos	594
partnerlos	592
turmlos	592
leinenlos	583
faustlos	576
bildlos	572
fühllos	565
stimmrechtlos	564
wesenlos	563
vertraglos	557
perspektivenlos	552
nichtarbeitslos	551
einkommenslos	548
hammerlos	535
ticketlos	532
konsequenzlos	528
empfindungslos	527
hilfslos	524
inspirationslos	522
erinnerungslos	521
regierungslos	519
kastenlos	515
handylos	512
menschenlos	511
zwangslos	510
pferdelos	506
grillos	499
schlauchlos	498
knochenlos	497
brillenlos	496
aussagelos	494
priesterlos	492
türlos	492
bürstenlos	484
umweglos	484
handlungslos	470
reibunglos	469
kenntnislos	468
blätterlos	466
besitzerlos	464
markenlos	463
schaffnerlos	463
luftlos	460
bundlos	457
gewichtslos	457
pointenlos	450
fettlos	446
halterlos	440
niederlagenlos	440
hundelos	436
gesichtlos	434
verlustlos	433
zweifelslos	433
sexlos	430
einschränkungslos	427
ehrgeizlos	422
namenslos	422
schuhlos	422
eigenschaftslos	419
absatzlos	417
lüfterlos	415
gedächtnislos	408
hosenlos	401
hoffnunglos	400
stützenlos	398
werkzeuglos	396
konsenslos	388
systemlos	385
nadellos	383
überraschungslos	383
ampellos	381
raumlos	381
tierlos	381
dornenlos	378
handlos	378
sarglos	370
glaubenslos	368
hierarchielos	367
trefferlos	365
blütenlos	363
stresslos	363
prinzenlos	361
halslos	357
fernsehlos	355
helmlos	355
wettbewerbslos	346
friktionslos	345
stablos	344
grusslos	343
kompetenzlos	343
effektlos	339
hoffungslos	335
batterielos	334
kartenlos	334
resultatlos	333
strategielos	333
interessenlos	331
kontextlos	331
konzessionslos	324
gegenstandlos	321
entgeltlos	320
sonnenlos	319
zählerlos	319
notenlos	315
rechtsgrundlos	310
hürdenlos	304
mannlos	304
theaterlos	303
begriffslos	301
rückhaltslos	300
waldlos	300
gesinnungslos	298
gefühlslos	294
ahnunglos	292
henkellos	292
viehlos	291
vorbildlos	291
motivlos	290
wirkstofflos	288
zeit-los	288
gleislos	286
vernunftlos	286
ertragslos	285
charmelos	281
sternlos	280
musiklos	279
vergleichslos	278
schlagzeuglos	277
spitzenlos	274
geländerlos	271
kinolos	270
protestlos	270
damenlos	269
filiallos	268
umsatzlos	267
bezugslos	264
herbstzeitlos	264
ausweislos	261
sternenlos	260
beanstandungslos	259
karnevalslos	259
vornamenlos	259
fischlos	258
narbenlos	257
verzugslos	257
begründungslos	256
nennbetragslos	254
aggressionslos	253
wertelos	253
brückenlos	249
zuchtlos	249
knopflos	247
trendlos	247
eigentümerlos	246
schonunglos	245
mandatslos	244
echolos	242
nasenlos	242
dirigentenlos	241
fußlos	240
schienenlos	240
astlos	238
grenzlos	237
hemmunglos	237
wandlos	236
gitterlos	235
höhepunktlos	233
hutlos	233
wettkampflos	233
einsatzlos	232
glockenlos	231
bürgermeisterlos	228
melodielos	228
toplos	228
gefängnislos	225
handballlos	224
schalenlos	224
erbenlos	223
sauerstofflos	222
stürmerlos	221
revierlos	219
zuckerlos	219
sockenlos	218
atmosphärelos	217
dauerarbeitslos	217
kommunikationslos	215
beutelos	214
programmlos	214
subjektlos	214
baulos	213
haltungslos	213
zaunlos	213
mittelos	211
spiellos	208
netzlos	205
prunklos	205
spanlos	204
strumpflos	204
seelos	203
weltlos	203
glaslos	202
utopielos	201
computerlos	200
familienlos	198
kameralos	197
krustenlos	195
kellerlos	194
erwartungslos	193
haushaltlos	193
dialoglos	192
schraubenlos	192
unterbrechungslos	192
duftlos	191
beitragslos	190
themenlos	189
flammenlos	187
hautlos	187
höckerlos	187
perspektivelos	185
pluspunktlos	182
aktionslos	181
betriebsratslos	181
goldlos	181
deckungslos	179
horizontlos	179
maskenlos	179
opferlos	178
wegelos	177
anspruchlos	176
gebisslos	176
geschmackslos	176
widerspruchlos	174
windlos	173
alternativenlos	171
präsidentenlos	169
schlipslos	169
schuppenlos	169
gardinenlos	168
kurvenlos	168
kaiserlos	167
eislos	166
herrschaftslos	165
postlos	162
tageslichtlos	162
filmlos	161
pietätslos	161
hindernislos	160
gartenlos	159
pannenlos	159
räderlos	159
auftragslos	156
bocklos	155
bügellos	155
pächterlos	155
verantwortunglos	155
ausbildungslos	154
pfeilerlos	154
preislos	153
entschlusslos	152
internetlos	152
allürenlos	151
poesielos	151
deckellos	150
kompensationslos	150
morallos	150
metzlos	149
punktspiellos	148
entscheidungslos	146
scheibenlos	146
cheflos	145
dimensionslos	144
gehirnlos	144
schaumlos	144
schilderlos	144
verbindungslos	143
fussballlos	142
akzentlos	140
geschwisterlos	140
mauerlos	140
leidenschaftlos	139
ressortlos	138
wellenlos	138
erfahrungslos	137
kleiderlos	137
königslos	137
langzeitarbeitlos	137
erklärungslos	136
fußballos	136
lehnenlos	136
bedingunglos	135
langzeitbeschäftigungslos	135
rechtslos	135
basslos	134
ordnungslos	134
statuslos	134
stiellos	134
tastaturlos	134
vorstandslos	134
erbarmunglos	133
maßstabslos	133
blumenlos	132
gewinnlos	132
konsequenzenlos	132
eishockeylos	131
klappenlos	131
ornamentlos	131
genehmigungslos	130
langzeiterwerbslos	130
tastenlos	130
mörtellos	129
kaderlos	128
sockellos	128
schirmlos	127
steinlos	126
pflegelos	125
versicherungslos	125
ehrfurchtslos	124
gebührenlos	124
strauchlos	124
treppenlos	124
ideologielos	123
pianolos	122
porenlos	122
streitlos	122
bischofslos	121
einsichtslos	121
feuerlos	121
gurtlos	121
hauptlos	121
sattellos	121
orgellos	119
vorhanglos	119
sündlos	118
bücherlos	117
requisitenlos	117
strichlos	117
anstandlos	116
schalterlos	116
pedallos	115
ringlos	115
buchlos	114
felllos	114
schimmerlos	114
sanglos	112
standpunktlos	112
unterschiedlos	112
informationslos	111
pflanzenlos	111
straßenlos	111
zeigerlos	111
beratungslos	110
säulenlos	110
kontolos	109
resonanzlos	109
antragslos	108
festlos	108
tempolos	108
regunglos	107
golos	106
grätenlos	106
rindenlos	106
kiellos	105
zeitverzugslos	105
bekenntnislos	104
zeitungslos	104
gelenklos	103
kontrastlos	103
zweifelllos	103
gesetzeslos	102
innovationslos	102
maßstablos	102
streifenlos	102
bisslos	101
gewichtlos	101
hinterbeinlos	101
chorlos	100
leidlos	100
steuerungslos	100
kirchenlos	99
nahrungslos	99
stängellos	99
telefonlos	99
theorielos	99
eigentumslos	98
krampflos	98
hallenlos	97
qualitätslos	97
turnierlos	97
abgaslos	96
nummernlos	96
parlamentslos	96
ruderlos	96
stammlos	96
diskussionlos	95
fadenlos	95
hobbylos	95
pigmentlos	95
urteilslos	95
stengellos	93
ohrlos	92
positionslos	92
scheinlos	92
staulos	92
stofflos	92
reflexionslos	91
unterbruchslos	91
interpunktionslos	90
kieferlos	90
objektlos	90
verdachtlos	90
bremsenlos	89
enkellos	89
kennzeichenlos	89
legionärslos	89
absenderlos	88
satzlos	88
spritzerlos	88
papstlos	87
störungslos	87
eierlos	86
verfassungslos	86
heizungslos	85
renditelos	84
starlos	84
zuglos	84
antwortlos	83
ehrenlos	83
entwicklungslos	83
graslos	83
klavierlos	83
anmeldungslos	81
korblos	81
phrasenlos	80
reichlos	80
argumentationslos	79
bandlos	79
barrierelos	79
chancelos	79
fastnachtslos	79
fundamentlos	79
lehrstellenlos	79
narrenlos	79
tarocklos	79
wimpernlos	79
beweislos	78
konzertlos	78
lehrerlos	78
leimlos	78
mähnenlos	78
sprossenlos	78
trainingslos	78
gewissenslos	77
kettenlos	77
millionenlos	77
radweglos	77
abwechslungslos	76
begrifflos	76
einfaltslos	76
gehweglos	76
lidlos	76
materielos	76
spaßlos	76
zentrumslos	76
verkehrslos	75
balkonlos	74
deutungslos	74
kostlos	74
philos	74
allos	73
ausdehnungslos	73
grundsatzlos	73
lippenlos	73
pfandlos	73
beigabenlos	72
bildungslos	72
hemdlos	72
katzenlos	72
referenzlos	72
sündenlos	72
erwerbsarbeitslos	71
katlos	71
subventionslos	71
aufsichtslos	70
herkunftslos	70
lagerlos	69
lobbylos	69
passlos	69
tatlos	69
vignettenlos	69
wertungslos	69
heldenlos	68
meisterlos	68
neutrinolos	68
vereinlos	68
orientierunglos	67
punschlos	67
bezuglos	66
meisterschaftslos	66
nuancenlos	66
rueckhaltlos	66
spreadlos	66
türenlos	66
schnittlos	65
umstandlos	65
zeichenlos	65
fasnachtslos	64
pilotenlos	64
rillenlos	64
pfadlos	63
tattoolos	63
abstrichlos	62
bahnlos	62
ganzarbeitslos	62
kehlkopflos	62
sturzlos	62
vorsatzlos	62
gerüstlos	61
hügellos	61
krisenlos	61
stadtratslos	61
vokallos	61
bedeutunglos	60
gegnerlos	60
kosenlos	60
sonnenscheinlos	60
taschenlos	60
samenlos	59
schadstofflos	59
ausnahmelos	58
hauslos	58
aulos	57
bundesligalos	57
endungslos	57
kostenslos	57
pulslos	57
rückstandlos	57
taillenlos	57
begeisterungslos	56
königlos	56
möbellos	56
schicksallos	56
vollmachtlos	56
freundlos	55
irrtumslos	55
kronenlos	55
maschinenraumlos	55
schonzeitlos	55
anteilslos	54
erkenntnislos	54
götterlos	54
herrscherlos	54
schleusenlos	54
seillos	54
beschwerdelos	53
gehäuselos	53
lateinlos	53
tendenzlos	53
ankerlos	52
rollenlos	52
sitzungslos	52
tanzlos	52
arzneilos	51
dekorlos	51
organlos	51
autoritätslos	50
badlos	50
linienlos	50
prämienlos	50
quellenlos	50
schulterlos	50
antrieblos	49
geweihlos	49
gestenlos	48
punklos	48
staatslos	48
besatzungslos	47
kopftuchlos	47
leitungslos	47
profitlos	47
siegerlos	47
terminlos	47
verdienstlos	47
verwahrlos	47
bandenlos	46
gürtellos	46
schuldenlos	46
visierlos	46
wirkunglos	46
abstrichslos	45
artikellos	45
aufwandslos	45
fessellos	45
kriterienlos	45
podestlos	45
regresslos	45
rucklos	45
sensationslos	45
skandallos	45
unterscheidungslos	45
optionslos	44
personallos	44
abstandslos	43
achtungslos	43
megasinnlos	43
vibrationslos	43
abzugslos	42
basketballlos	42
espritlos	42
schicksalslos	42
turbolos	42
verbandslos	42
gagenlos	41
hirtenlos	41
kapitallos	41
kondukteurlos	41
problemslos	41
verteidigungslos	41
ankündigungslos	40
klischeelos	40
rezeptlos	40
schwimmbadlos	40
zeitarbeitslos	40
aufwandlos	39
eindruckslos	39
erwerblos	39
flutlichtlos	39
herbst-zeitlos	39
hintergrundlos	39
intentionslos	39
kitschlos	39
konzentrationslos	39
kugellos	39
transzendenzlos	39
knotenlos	38
korrekturlos	38
küstenlos	38
schnabellos	38
unterschriftslos	38
benzinlos	37
einspruchslos	37
funklos	37
krallenlos	37
nervenlos	37
streiklos	37
verlustpunktelos	37
wappenlos	37
bürgersteiglos	36
chiplos	36
danklos	36
existenzlos	36
fahnenlos	36
horrorlos	36
klublos	36
magdlos	36
verbrecherlos	36
absichtlos	35
argumentlos	35
bestimmungslos	35
debattenlos	35
eckenlos	35
gliederlos	35
griffbrettlos	35
harzlos	35
liftlos	35
mantellos	35
prüfungslos	35
schülerlos	35
stuhllos	35
vorwurfslos	35
wahlkampflos	35
zagallos	35
behälterlos	34
detaillos	34
faktenlos	34
ferienlos	34
flächenlos	34
gesanglos	34
hahnlos	34
kerzenlos	34
lastlos	34
marklos	34
schweißlos	34
trophäenlos	34
abschiedslos	33
beteiligungslos	33
dekorationslos	33
erschütterungslos	33
garantielos	33
gaslos	33
komplexlos	33
lungenlos	33
satzungslos	33
teilarbeitslos	33
uhrlos	33
veranstaltungslos	33
verhältnislos	33
verzögerungslos	33
vorwarnungslos	33
belangslos	32
betonungslos	32
gehsteiglos	32
harmonielos	32
ichlos	32
kalorienlos	32
milchlos	32
pupillenlos	32
scherzlos	32
skilos	32
strahlenlos	32
tennislos	32
toilettenlos	32
zungenlos	32
anhanglos	31
ausdrucklos	31
bärenlos	31
emotionlos	31
freibadlos	31
herrchenlos	31
intendantenlos	31
kandidatenlos	31
kofferlos	31
komfortlos	31
ranglos	31
rumpflos	31
trottoirlos	31
verdecklos	31
aufgabenlos	30
gnadelos	30
munitionslos	30
skelettlos	30
todlos	30
zünderlos	30
grenzelos	29
jahrgangslos	29
körperkontaktlos	29
politiklos	29
söhnelos	29
teamlos	29
wahrnehmungslos	29
wiederstandslos	29
wischerlos	29
atomwaffenlos	28
balllos	28
betriebslos	28
erdelos	28
fahrradlos	28
feindlos	28
flossenlos	28
grabungslos	28
kriegslos	28
liebelos	28
rätsellos	28
serverlos	28
sportlos	28
überzeugungslos	28
zellwandlos	28
clublos	27
differenzlos	27
elanlos	27
faschingslos	27
hallenbadlos	27
ladenlos	27
nachnamenlos	27
ohrenlos	27
saitenlos	27
schlüpferlos	27
schullos	27
sponsorlos	27
wohnunglos	27
zäsurlos	27
brutlos	26
darmlos	26
fracklos	26
korpuslos	26
öllos	26
sensorlos	26
wiederspruchslos	26
diätlos	25
eisenlos	25
führunglos	25
gepäcklos	25
musterlos	25
pokallos	25
reifenlos	25
torchancenlos	25
figurenlos	24
freundlich-harmlos	24
honorarlos	24
industrielos	24
kufenlos	24
mühlelos	24
selbstmitleidlos	24
töchterlos	24
welpenlos	24
heimlos	23
ironielos	23
koalitionslos	23
segellos	23
stimmenlos	23
weihnachtslos	23
weinlos	23
zeitenlos	23
zuschauerlos	23
aufregungslos	22
disclos	22
etatlos	22
fluglos	22
fussgängerstreifenlos	22
ganslos	22
interventionslos	22
katalysatorlos	22
kinnlos	22
kompressorlos	22
mitgliederlos	22
muskellos	22
plakettenlos	22
rügelos	22
zustandslos	22
brustlos	21
fellos	21
fussballos	21
hülsenlos	21
prätentionslos	21
produktionslos	21
putzlos	21
verbandsspiellos	21
abschlusslos	20
busenlos	20
dornlos	20
feiertagslos	20
geschenklos	20
gruppenlos	20
holzlos	20
konkurenzlos	20
nachtlos	20
strohlos	20
teppichlos	20
verstandlos	20
affektlos	19
einstreulos	19
fahrzeuglos	19
ganglos	19
gesprächslos	19
jahreslos	19
niederschlagslos	19
rasselos	19
schleierlos	19
steglos	19
substratlos	19
variationslos	19
gärungslos	18
gitarrenlos	18
teilzeitarbeitslos	18
tribünenlos	18
vergangenheitslos	18
zahlenlos	18
zementlos	18
abiturlos	17
adjektivlos	17
autorlos	17
ratslos	17
rippenlos	17
theophilos	17
tiefenlos	17
anfangslos	16
bruderlos	16
gebetslos	16
klinkenlos	16
namelos	16
pollos	16
rubellos	16
standslos	16
strahlungslos	16
ausschreibungslos	15
beschlusslos	15
bewegunglos	15
deckenlos	15
elektrodenlos	15
listenlos	15
massstabslos	15
querhauslos	15
querschifflos	15
schädellos	15
schotterlos	15
sichtslos	15
spaltenlos	15
steigungslos	15
umbruchlos	15
verstärkerlos	15
bauernlos	14
fahrleitungslos	14
geschlechtlos	14
oberleitungslos	14
öffnungslos	14
pfostenlos	14
plattenlos	14
platzlos	14
saumlos	14
trägheitslos	14
zeichnungslos	14
gemütlos	13
gewinnerlos	13
klammerlos	13
liquidationslos	13
praxislos	13
umlautlos	13
vorbereitungslos	13
zweckslos	13
abwasserlos	12
arschlos	12
bewusstseinslos	12
dampflos	12
jajalos	12
kuhlos	12
rechtsschutzlos	12
sandlos	12
staublos	12
teilnahmelos	12
zuflusslos	12
autorenlos	11
bayernlos	11
glückslos	11
korsettlos	11
leiblos	11
mellos	11
parteienlos	11
rabelos	11
rauschlos	11
schmacklos	11
atmosphärenlos	10
jazzlos	10
sprachwurzellos	10
ursprungslos	10
brauenlos	9
movelos	9
traumalos	9
vorgängerlos	9
vorzeichenlos	9
demokratielos	8
entenlos	8
erlebnislos	8
flockenlos	8
hallos	8
herzzeitlos	8
labellos	8
rundumsorglos	8
schweisslos	8
ständelos	8
strandlos	8
trafolos	8
tugendlos	8
villenlos	8
volumenlos	8
warnungslos	8
wetterlos	8
bahnsteiglos	7
bundfaltenlos	7
festplattenlos	7
gefäßlos	7
halbtonlos	7
kirmeslos	7
megalos	7
modelos	7
nietenlos	7
röhrenlos	7
schlammlos	7
schnallenlos	7
vorbedingungslos	7
albtraumlos	6
anfanglos	6
barlos	6
bordellos	6
gewerkschaftslos	6
rebelos	6
saisonarbeitslos	6
schutz-los	6
seemannslos	6
taz-los	6
weichenwasserlos	6
achslos	5
analogielos	5
buckellos	5
chlorophylllos	5
fachlos	5
kurzzeitarbeitslos	5
lohnlos	5
mallos	5
quellos	5
regielos	5
rinnenlos	5
schädigungslos	5
stammbaumlos	5
tagesobdachlos	5
typenlos	5
vollmachtslos	5
angellos	4
gewindelos	4
jugendarbeitslos	4
knallerlos	4
sklavenlos	4
soglos	4
tallos	4
tombolalos	4
verdichtungslos	4
dillos	3
drüsenlos	3
erdenlos	3
fährlos	3
henkerslos	3
hohnlos	3
kammerlos	3
kerbelos	3
kleidzeitlos	3
klolos	3
langarbeitslos	3
laufachslos	3
lotterielos	3
mollos	3
moorlos	3
sangallos	3
scheinarbeitslos	3
schwertlos	3
tiefelos	3
zufallslos	3
archelos	2
auftaktlos	2
breitenlos	2
dauererwerbslos	2
einheitenlos	2
feindbildlos	2
gastlos	2
gemeinschaftslos	2
gewebelos	2
hochzeitslos	2
landzeitarbeitslos	2
maussollos	2
psilos	2
rebellos	2
riesenlos	2
tentakellos	2
vanlos	2
weihnachtskilos	2
adventslos	1
altersarbeitslos	1
brandlos	1
brennholzlos	1
buglos	1
cuplos	1
dauerlos	1
eingrifflos	1
erstrundenlos	1
führerstandslos	1
gastarbeitslos	1
gattenlos	1
geißellos	1
hauptbaulos	1
herz-schmerzlos	1
hirschlos	1
kammlos	1
langzeitlos	1
laufachsenlos	1
metallos	1
monatslos	1
omalos	1
pendlerlos	1
prollos	1
rehlos	1
schneesturmlos	1
sonderlos	1
spinlos	1
strahllos	1
teillos	1
teilzeitobdachlos	1
tunnelbaulos	1
typlos	1
ursachelos	1
ursachlos	1
wochenlos	1
